{
  "last_node_id": 78,
  "last_link_id": 155,
  "nodes": [
    {
      "id": 40,
      "type": "Reroute",
      "pos": [
        1395.2511279296875,
        238.8448897705078
      ],
      "size": [
        75,
        26
      ],
      "flags": {},
      "order": 30,
      "mode": 0,
      "inputs": [
        {
          "name": "",
          "type": "*",
          "link": 53
        }
      ],
      "outputs": [
        {
          "name": "",
          "type": "IMAGE",
          "links": [
            54
          ],
          "slot_index": 0
        }
      ],
      "properties": {
        "showOutputText": false,
        "horizontal": false
      }
    },
    {
      "id": 31,
      "type": "PreviewImage",
      "pos": [
        1571,
        68
      ],
      "size": {
        "0": 140,
        "1": 246
      },
      "flags": {},
      "order": 35,
      "mode": 0,
      "inputs": [
        {
          "name": "images",
          "type": "IMAGE",
          "link": 42
        }
      ],
      "properties": {
        "Node name for S&R": "PreviewImage"
      },
      "color": "#233",
      "bgcolor": "#355"
    },
    {
      "id": 8,
      "type": "VAEDecode",
      "pos": [
        584,
        278
      ],
      "size": {
        "0": 210,
        "1": 46
      },
      "flags": {},
      "order": 28,
      "mode": 0,
      "inputs": [
        {
          "name": "samples",
          "type": "LATENT",
          "link": 7
        },
        {
          "name": "vae",
          "type": "VAE",
          "link": 116
        }
      ],
      "outputs": [
        {
          "name": "IMAGE",
          "type": "IMAGE",
          "links": [
            30,
            53
          ],
          "slot_index": 0
        }
      ],
      "properties": {
        "Node name for S&R": "VAEDecode"
      }
    },
    {
      "id": 30,
      "type": "PreviewImage",
      "pos": [
        1429,
        68
      ],
      "size": {
        "0": 140,
        "1": 246
      },
      "flags": {},
      "order": 34,
      "mode": 0,
      "inputs": [
        {
          "name": "images",
          "type": "IMAGE",
          "link": 41
        }
      ],
      "properties": {
        "Node name for S&R": "PreviewImage"
      },
      "color": "#233",
      "bgcolor": "#355"
    },
    {
      "id": 28,
      "type": "SAMLoader",
      "pos": [
        1371,
        498
      ],
      "size": {
        "0": 315,
        "1": 82
      },
      "flags": {},
      "order": 0,
      "mode": 0,
      "outputs": [
        {
          "name": "SAM_MODEL",
          "type": "SAM_MODEL",
          "links": [
            39
          ],
          "shape": 3
        }
      ],
      "properties": {
        "Node name for S&R": "SAMLoader"
      },
      "widgets_values": [
        "sam_vit_b_01ec64.pth",
        "AUTO"
      ],
      "color": "#233",
      "bgcolor": "#355"
    },
    {
      "id": 64,
      "type": "VAELoader",
      "pos": [
        512,
        176
      ],
      "size": {
        "0": 315,
        "1": 58
      },
      "flags": {},
      "order": 1,
      "mode": 0,
      "outputs": [
        {
          "name": "VAE",
          "type": "VAE",
          "links": [
            115,
            116
          ],
          "shape": 3,
          "slot_index": 0
        }
      ],
      "properties": {
        "Node name for S&R": "VAELoader"
      },
      "widgets_values": [
        "vae-ft-mse-840000-ema-pruned.safetensors"
      ]
    },
    {
      "id": 24,
      "type": "FaceDetailer",
      "pos": [
        861,
        75
      ],
      "size": {
        "0": 447.9301452636719,
        "1": 847.0908813476562
      },
      "flags": {},
      "order": 32,
      "mode": 0,
      "inputs": [
        {
          "name": "image",
          "type": "IMAGE",
          "link": 120
        },
        {
          "name": "model",
          "type": "MODEL",
          "link": 130
        },
        {
          "name": "clip",
          "type": "CLIP",
          "link": 112
        },
        {
          "name": "vae",
          "type": "VAE",
          "link": 115
        },
        {
          "name": "positive",
          "type": "CONDITIONING",
          "link": 35,
          "slot_index": 4
        },
        {
          "name": "negative",
          "type": "CONDITIONING",
          "link": 36,
          "slot_index": 5
        },
        {
          "name": "bbox_detector",
          "type": "BBOX_DETECTOR",
          "link": 38,
          "slot_index": 6
        },
        {
          "name": "sam_model_opt",
          "type": "SAM_MODEL",
          "link": 39,
          "slot_index": 7
        },
        {
          "name": "segm_detector_opt",
          "type": "SEGM_DETECTOR",
          "link": 127,
          "slot_index": 8
        },
        {
          "name": "detailer_hook",
          "type": "DETAILER_HOOK",
          "link": null
        }
      ],
      "outputs": [
        {
          "name": "image",
          "type": "IMAGE",
          "links": [
            41
          ],
          "shape": 3,
          "slot_index": 0
        },
        {
          "name": "cropped_refined",
          "type": "IMAGE",
          "links": [
            42
          ],
          "shape": 6,
          "slot_index": 1
        },
        {
          "name": "cropped_enhanced_alpha",
          "type": "IMAGE",
          "links": [
            43
          ],
          "shape": 6,
          "slot_index": 2
        },
        {
          "name": "mask",
          "type": "MASK",
          "links": null,
          "shape": 3
        },
        {
          "name": "detailer_pipe",
          "type": "DETAILER_PIPE",
          "links": null,
          "shape": 3
        },
        {
          "name": "cnet_images",
          "type": "IMAGE",
          "links": null,
          "shape": 6
        }
      ],
      "properties": {
        "Node name for S&R": "FaceDetailer"
      },
      "widgets_values": [
        256,
        true,
        768,
        586245782522573,
        "randomize",
        20,
        8,
        "euler",
        "normal",
        0.5,
        5,
        true,
        true,
        0.5,
        10,
        3,
        "center-1",
        0,
        0.93,
        0,
        0.87,
        "False",
        10,
        "",
        1
      ],
      "color": "#223",
      "bgcolor": "#335"
    },
    {
      "id": 5,
      "type": "EmptyLatentImage",
      "pos": [
        192,
        465
      ],
      "size": {
        "0": 315,
        "1": 106
      },
      "flags": {},
      "order": 2,
      "mode": 0,
      "outputs": [
        {
          "name": "LATENT",
          "type": "LATENT",
          "links": [
            2
          ],
          "slot_index": 0
        }
      ],
      "properties": {
        "Node name for S&R": "EmptyLatentImage"
      },
      "widgets_values": [
        600,
        800,
        1
      ]
    },
    {
      "id": 25,
      "type": "PreviewImage",
      "pos": [
        515,
        360
      ],
      "size": {
        "0": 330.9495849609375,
        "1": 359.37255859375
      },
      "flags": {},
      "order": 29,
      "mode": 0,
      "inputs": [
        {
          "name": "images",
          "type": "IMAGE",
          "link": 30
        }
      ],
      "properties": {
        "Node name for S&R": "PreviewImage"
      }
    },
    {
      "id": 42,
      "type": "CannyEdgePreprocessor",
      "pos": [
        27,
        -315
      ],
      "size": {
        "0": 315,
        "1": 106
      },
      "flags": {},
      "order": 14,
      "mode": 0,
      "inputs": [
        {
          "name": "image",
          "type": "IMAGE",
          "link": 65,
          "slot_index": 0
        }
      ],
      "outputs": [
        {
          "name": "IMAGE",
          "type": "IMAGE",
          "links": [
            62,
            69
          ],
          "shape": 3,
          "slot_index": 0
        }
      ],
      "properties": {
        "Node name for S&R": "CannyEdgePreprocessor"
      },
      "widgets_values": [
        100,
        200,
        512
      ],
      "color": "#232",
      "bgcolor": "#353",
      "shape": 2
    },
    {
      "id": 11,
      "type": "ControlNetLoader",
      "pos": [
        347,
        -169
      ],
      "size": {
        "0": 315,
        "1": 58
      },
      "flags": {},
      "order": 3,
      "mode": 0,
      "outputs": [
        {
          "name": "CONTROL_NET",
          "type": "CONTROL_NET",
          "links": [
            74
          ],
          "shape": 3,
          "slot_index": 0
        }
      ],
      "properties": {
        "Node name for S&R": "ControlNetLoader"
      },
      "widgets_values": [
        "control_v11p_sd15_lineart_fp16.safetensors"
      ],
      "color": "#232",
      "bgcolor": "#353",
      "shape": 2
    },
    {
      "id": 15,
      "type": "ControlNetLoader",
      "pos": [
        29,
        -175
      ],
      "size": {
        "0": 315,
        "1": 58
      },
      "flags": {},
      "order": 4,
      "mode": 0,
      "outputs": [
        {
          "name": "CONTROL_NET",
          "type": "CONTROL_NET",
          "links": [
            73
          ],
          "shape": 3,
          "slot_index": 0
        }
      ],
      "properties": {
        "Node name for S&R": "ControlNetLoader"
      },
      "widgets_values": [
        "control_v11p_sd15_canny_fp16.safetensors"
      ],
      "color": "#232",
      "bgcolor": "#353",
      "shape": 2
    },
    {
      "id": 47,
      "type": "PreviewImage",
      "pos": [
        342,
        -595
      ],
      "size": {
        "0": 290.8067321777344,
        "1": 246
      },
      "flags": {},
      "order": 22,
      "mode": 0,
      "inputs": [
        {
          "name": "images",
          "type": "IMAGE",
          "link": 70
        }
      ],
      "properties": {
        "Node name for S&R": "PreviewImage"
      },
      "color": "#232",
      "bgcolor": "#353",
      "shape": 2
    },
    {
      "id": 46,
      "type": "PreviewImage",
      "pos": [
        54,
        -599
      ],
      "size": {
        "0": 279.31671142578125,
        "1": 246
      },
      "flags": {},
      "order": 21,
      "mode": 0,
      "inputs": [
        {
          "name": "images",
          "type": "IMAGE",
          "link": 69
        }
      ],
      "properties": {
        "Node name for S&R": "PreviewImage"
      },
      "color": "#232",
      "bgcolor": "#353",
      "shape": 2
    },
    {
      "id": 59,
      "type": "PreviewImage",
      "pos": [
        -273,
        -600
      ],
      "size": {
        "0": 305.1786193847656,
        "1": 257.2730712890625
      },
      "flags": {},
      "order": 23,
      "mode": 0,
      "inputs": [
        {
          "name": "images",
          "type": "IMAGE",
          "link": 147
        }
      ],
      "properties": {
        "Node name for S&R": "PreviewImage"
      },
      "color": "#232",
      "bgcolor": "#353",
      "shape": 2
    },
    {
      "id": 36,
      "type": "ImageUpscaleWithModel",
      "pos": [
        1518,
        -10
      ],
      "size": {
        "0": 241.79998779296875,
        "1": 46
      },
      "flags": {},
      "order": 17,
      "mode": 0,
      "inputs": [
        {
          "name": "upscale_model",
          "type": "UPSCALE_MODEL",
          "link": 47
        },
        {
          "name": "image",
          "type": "IMAGE",
          "link": 96,
          "slot_index": 1
        }
      ],
      "outputs": [
        {
          "name": "IMAGE",
          "type": "IMAGE",
          "links": [
            49
          ],
          "shape": 3,
          "slot_index": 0
        }
      ],
      "properties": {
        "Node name for S&R": "ImageUpscaleWithModel"
      },
      "color": "#233",
      "bgcolor": "#355"
    },
    {
      "id": 27,
      "type": "UltralyticsDetectorProvider",
      "pos": [
        1382,
        360
      ],
      "size": {
        "0": 301.59356689453125,
        "1": 100.07278442382812
      },
      "flags": {},
      "order": 5,
      "mode": 0,
      "outputs": [
        {
          "name": "BBOX_DETECTOR",
          "type": "BBOX_DETECTOR",
          "links": [
            38
          ],
          "shape": 3,
          "slot_index": 0
        },
        {
          "name": "SEGM_DETECTOR",
          "type": "SEGM_DETECTOR",
          "links": null,
          "shape": 3
        }
      ],
      "properties": {
        "Node name for S&R": "UltralyticsDetectorProvider"
      },
      "widgets_values": [
        "bbox/hand_yolov8s.pt"
      ],
      "color": "#233",
      "bgcolor": "#355"
    },
    {
      "id": 39,
      "type": "SaveImage",
      "pos": [
        1372,
        760
      ],
      "size": {
        "0": 713.9647216796875,
        "1": 610.2832641601562
      },
      "flags": {
        "collapsed": false
      },
      "order": 37,
      "mode": 0,
      "inputs": [
        {
          "name": "images",
          "type": "IMAGE",
          "link": 122
        }
      ],
      "properties": {},
      "widgets_values": [
        "ComfyUI"
      ],
      "color": "#323",
      "bgcolor": "#535"
    },
    {
      "id": 35,
      "type": "UpscaleModelLoader",
      "pos": [
        1470,
        -99
      ],
      "size": {
        "0": 315,
        "1": 58
      },
      "flags": {},
      "order": 7,
      "mode": 0,
      "outputs": [
        {
          "name": "UPSCALE_MODEL",
          "type": "UPSCALE_MODEL",
          "links": [
            47
          ],
          "shape": 3,
          "slot_index": 0
        }
      ],
      "properties": {
        "Node name for S&R": "UpscaleModelLoader"
      },
      "widgets_values": [
        "RealESRGAN_x4.pth"
      ],
      "color": "#233",
      "bgcolor": "#355"
    },
    {
      "id": 43,
      "type": "LineArtPreprocessor",
      "pos": [
        334,
        -303
      ],
      "size": {
        "0": 315,
        "1": 82
      },
      "flags": {},
      "order": 15,
      "mode": 0,
      "inputs": [
        {
          "name": "image",
          "type": "IMAGE",
          "link": 66,
          "slot_index": 0
        }
      ],
      "outputs": [
        {
          "name": "IMAGE",
          "type": "IMAGE",
          "links": [
            63,
            70
          ],
          "shape": 3,
          "slot_index": 0
        }
      ],
      "properties": {
        "Node name for S&R": "LineArtPreprocessor"
      },
      "widgets_values": [
        "enable"
      ],
      "color": "#232",
      "bgcolor": "#353",
      "shape": 2
    },
    {
      "id": 74,
      "type": "PiDiNetPreprocessor",
      "pos": [
        -294,
        -304
      ],
      "size": {
        "0": 315,
        "1": 58
      },
      "flags": {},
      "order": 16,
      "mode": 0,
      "inputs": [
        {
          "name": "image",
          "type": "IMAGE",
          "link": 146,
          "slot_index": 0
        }
      ],
      "outputs": [
        {
          "name": "IMAGE",
          "type": "IMAGE",
          "links": [
            145,
            147
          ],
          "shape": 3,
          "slot_index": 0
        }
      ],
      "properties": {
        "Node name for S&R": "PiDiNetPreprocessor"
      },
      "widgets_values": [
        "enable"
      ],
      "color": "#232",
      "bgcolor": "#353"
    },
    {
      "id": 32,
      "type": "PreviewImage",
      "pos": [
        1717,
        64
      ],
      "size": {
        "0": 140,
        "1": 246
      },
      "flags": {},
      "order": 36,
      "mode": 0,
      "inputs": [
        {
          "name": "images",
          "type": "IMAGE",
          "link": 43
        }
      ],
      "properties": {
        "Node name for S&R": "PreviewImage"
      },
      "color": "#233",
      "bgcolor": "#355"
    },
    {
      "id": 33,
      "type": "ReActorFaceSwap",
      "pos": [
        1692,
        357
      ],
      "size": {
        "0": 313.3446960449219,
        "1": 290.02008056640625
      },
      "flags": {},
      "order": 31,
      "mode": 0,
      "inputs": [
        {
          "name": "source_image",
          "type": "IMAGE",
          "link": 49,
          "slot_index": 0
        },
        {
          "name": "input_image",
          "type": "IMAGE",
          "link": 54
        },
        {
          "name": "face_model",
          "type": "FACE_MODEL",
          "link": null
        }
      ],
      "outputs": [
        {
          "name": "IMAGE",
          "type": "IMAGE",
          "links": [
            120,
            121
          ],
          "shape": 3,
          "slot_index": 0
        },
        {
          "name": "FACE_MODEL",
          "type": "FACE_MODEL",
          "links": null,
          "shape": 3
        }
      ],
      "properties": {
        "Node name for S&R": "ReActorFaceSwap"
      },
      "widgets_values": [
        true,
        "inswapper_128.onnx",
        "retinaface_resnet50",
        "none",
        "no",
        "no",
        "0,1",
        "0,1",
        1
      ],
      "color": "#233",
      "bgcolor": "#355"
    },
    {
      "id": 72,
      "type": "Note",
      "pos": [
        1098,
        -357
      ],
      "size": {
        "0": 272.14996337890625,
        "1": 362.0892333984375
      },
      "flags": {},
      "order": 8,
      "mode": 0,
      "properties": {
        "text": ""
      },
      "widgets_values": [
        "-cảm ơn mọi ngưởi đã tin tưởng sử dụng chu trình phục hình AI vs công nghệ Comfyui mới nhất của mình \n- những ô màu đỏ có thể cần thay đổi thông số, khi hình không như ý muốn hay tạo ra các biến thể khác đẹp hơn sáng tạo hơn \n- các giá trị còn lại đã set sẵn, ko cần chỉnh nhiều / có thể tùy chỉnh nếu bạn biết cách làm nhé  \n- workflow thay pidinet = openpose, cho background sáng tạo hơn, áp dụng cho hình dễ\n \n*Thank you all for trusting in using my latest AI image restoration cycle with Comfyui technology.\n*The red-highlighted boxes may require parameter changes when the image doesn't meet your preferences or to create different, more creative variations.\n*The remaining values are already preset and don't need much adjustment. You can customize them if you know how to do so.\n\n-- my youtube: https://www.youtube.com/channel/UC-vqOzD_nbx8xnsoprjm3_w\n-- my facebook: https://www.facebook.com/alicia27119595/\npls like and subcribe if u see this is helpful"
      ],
      "color": "#432",
      "bgcolor": "#653"
    },
    {
      "id": 19,
      "type": "ControlNetApplyAdvanced",
      "pos": [
        355,
        -74
      ],
      "size": [
        316.28161488281285,
        166
      ],
      "flags": {},
      "order": 26,
      "mode": 0,
      "inputs": [
        {
          "name": "positive",
          "type": "CONDITIONING",
          "link": 13
        },
        {
          "name": "negative",
          "type": "CONDITIONING",
          "link": 14
        },
        {
          "name": "control_net",
          "type": "CONTROL_NET",
          "link": 74
        },
        {
          "name": "image",
          "type": "IMAGE",
          "link": 63,
          "slot_index": 3
        }
      ],
      "outputs": [
        {
          "name": "positive",
          "type": "CONDITIONING",
          "links": [
            107
          ],
          "shape": 3,
          "slot_index": 0
        },
        {
          "name": "negative",
          "type": "CONDITIONING",
          "links": [
            108
          ],
          "shape": 3,
          "slot_index": 1
        }
      ],
      "properties": {
        "Node name for S&R": "ControlNetApplyAdvanced"
      },
      "widgets_values": [
        0.86,
        0,
        1
      ],
      "color": "#232",
      "bgcolor": "#353",
      "shape": 2
    },
    {
      "id": 21,
      "type": "LoadImage",
      "pos": [
        696,
        -347
      ],
      "size": {
        "0": 388.2086181640625,
        "1": 371.4983215332031
      },
      "flags": {},
      "order": 9,
      "mode": 0,
      "outputs": [
        {
          "name": "IMAGE",
          "type": "IMAGE",
          "links": [
            65,
            66,
            146
          ],
          "shape": 3,
          "slot_index": 0
        },
        {
          "name": "MASK",
          "type": "MASK",
          "links": null,
          "shape": 3
        }
      ],
      "properties": {
        "Node name for S&R": "LoadImage"
      },
      "widgets_values": [
        "pasted/image (83).png",
        "image"
      ]
    },
    {
      "id": 7,
      "type": "CLIPTextEncode",
      "pos": [
        -260,
        439
      ],
      "size": {
        "0": 425.27801513671875,
        "1": 180.6060791015625
      },
      "flags": {},
      "order": 20,
      "mode": 0,
      "inputs": [
        {
          "name": "clip",
          "type": "CLIP",
          "link": 155
        }
      ],
      "outputs": [
        {
          "name": "CONDITIONING",
          "type": "CONDITIONING",
          "links": [
            36,
            144
          ],
          "slot_index": 0
        }
      ],
      "properties": {
        "Node name for S&R": "CLIPTextEncode"
      },
      "widgets_values": [
        "embedding:negative_hand-neg, embedding:ng_deepnegative_v1_75t, dark tone, yellow tone, painting, sketch, semi-realistic, (worst quality, low quality, normal quality:1.5), grayscale, monochrome, imperfect, blurry, low res, (semi-realistic, unrealistic, unreal, CGI, 3d render, airbrushed, pixelated, painting, cartoon, anime\n\n"
      ],
      "color": "#322",
      "bgcolor": "#533"
    },
    {
      "id": 62,
      "type": "LoadImage",
      "pos": [
        2051,
        768
      ],
      "size": {
        "0": 399.1072998046875,
        "1": 369.0788269042969
      },
      "flags": {},
      "order": 10,
      "mode": 0,
      "outputs": [
        {
          "name": "IMAGE",
          "type": "IMAGE",
          "links": [
            96
          ],
          "shape": 3
        },
        {
          "name": "MASK",
          "type": "MASK",
          "links": null,
          "shape": 3
        }
      ],
      "properties": {
        "Node name for S&R": "LoadImage"
      },
      "widgets_values": [
        "pasted/image (84).png",
        "image"
      ]
    },
    {
      "id": 65,
      "type": "FaceRestoreCFWithModel",
      "pos": [
        2008,
        359
      ],
      "size": {
        "0": 315,
        "1": 102
      },
      "flags": {},
      "order": 33,
      "mode": 0,
      "inputs": [
        {
          "name": "facerestore_model",
          "type": "FACERESTORE_MODEL",
          "link": 118,
          "slot_index": 0
        },
        {
          "name": "image",
          "type": "IMAGE",
          "link": 121
        }
      ],
      "outputs": [
        {
          "name": "IMAGE",
          "type": "IMAGE",
          "links": [
            122
          ],
          "shape": 3,
          "slot_index": 0
        }
      ],
      "properties": {
        "Node name for S&R": "FaceRestoreCFWithModel"
      },
      "widgets_values": [
        "retinaface_resnet50",
        0.85
      ],
      "color": "#322",
      "bgcolor": "#533"
    },
    {
      "id": 66,
      "type": "FaceRestoreModelLoader",
      "pos": [
        2011,
        500
      ],
      "size": {
        "0": 315,
        "1": 58
      },
      "flags": {},
      "order": 11,
      "mode": 0,
      "outputs": [
        {
          "name": "FACERESTORE_MODEL",
          "type": "FACERESTORE_MODEL",
          "links": [
            118
          ],
          "shape": 3
        }
      ],
      "properties": {
        "Node name for S&R": "FaceRestoreModelLoader"
      },
      "widgets_values": [
        "GFPGANv1.4.pth"
      ],
      "color": "#233",
      "bgcolor": "#355"
    },
    {
      "id": 3,
      "type": "KSampler",
      "pos": [
        189,
        171
      ],
      "size": {
        "0": 315,
        "1": 262
      },
      "flags": {},
      "order": 27,
      "mode": 0,
      "inputs": [
        {
          "name": "model",
          "type": "MODEL",
          "link": 153
        },
        {
          "name": "positive",
          "type": "CONDITIONING",
          "link": 107
        },
        {
          "name": "negative",
          "type": "CONDITIONING",
          "link": 108
        },
        {
          "name": "latent_image",
          "type": "LATENT",
          "link": 2
        }
      ],
      "outputs": [
        {
          "name": "LATENT",
          "type": "LATENT",
          "links": [
            7
          ],
          "slot_index": 0
        }
      ],
      "properties": {
        "Node name for S&R": "KSampler"
      },
      "widgets_values": [
        477994785417436,
        "randomize",
        35,
        9,
        "dpmpp_2m",
        "karras",
        1
      ],
      "color": "#322",
      "bgcolor": "#533"
    },
    {
      "id": 18,
      "type": "ControlNetApplyAdvanced",
      "pos": [
        21,
        -77
      ],
      "size": {
        "0": 315,
        "1": 166
      },
      "flags": {},
      "order": 25,
      "mode": 0,
      "inputs": [
        {
          "name": "positive",
          "type": "CONDITIONING",
          "link": 141
        },
        {
          "name": "negative",
          "type": "CONDITIONING",
          "link": 142
        },
        {
          "name": "control_net",
          "type": "CONTROL_NET",
          "link": 73
        },
        {
          "name": "image",
          "type": "IMAGE",
          "link": 62,
          "slot_index": 3
        }
      ],
      "outputs": [
        {
          "name": "positive",
          "type": "CONDITIONING",
          "links": [
            13
          ],
          "shape": 3,
          "slot_index": 0
        },
        {
          "name": "negative",
          "type": "CONDITIONING",
          "links": [
            14
          ],
          "shape": 3,
          "slot_index": 1
        }
      ],
      "properties": {
        "Node name for S&R": "ControlNetApplyAdvanced"
      },
      "widgets_values": [
        0.61,
        0,
        1
      ],
      "color": "#232",
      "bgcolor": "#353",
      "shape": 2
    },
    {
      "id": 76,
      "type": "ControlNetApplyAdvanced",
      "pos": [
        -295,
        -88
      ],
      "size": {
        "0": 315,
        "1": 166
      },
      "flags": {},
      "order": 24,
      "mode": 0,
      "inputs": [
        {
          "name": "positive",
          "type": "CONDITIONING",
          "link": 143,
          "slot_index": 0
        },
        {
          "name": "negative",
          "type": "CONDITIONING",
          "link": 144,
          "slot_index": 1
        },
        {
          "name": "control_net",
          "type": "CONTROL_NET",
          "link": 140
        },
        {
          "name": "image",
          "type": "IMAGE",
          "link": 145,
          "slot_index": 3
        }
      ],
      "outputs": [
        {
          "name": "positive",
          "type": "CONDITIONING",
          "links": [
            141
          ],
          "shape": 3,
          "slot_index": 0
        },
        {
          "name": "negative",
          "type": "CONDITIONING",
          "links": [
            142
          ],
          "shape": 3,
          "slot_index": 1
        }
      ],
      "properties": {
        "Node name for S&R": "ControlNetApplyAdvanced"
      },
      "widgets_values": [
        0.8300000000000001,
        0,
        1
      ],
      "color": "#232",
      "bgcolor": "#353",
      "shape": 2
    },
    {
      "id": 75,
      "type": "ControlNetLoader",
      "pos": [
        -294,
        -190
      ],
      "size": {
        "0": 315,
        "1": 58
      },
      "flags": {},
      "order": 12,
      "mode": 0,
      "outputs": [
        {
          "name": "CONTROL_NET",
          "type": "CONTROL_NET",
          "links": [
            140
          ],
          "shape": 3,
          "slot_index": 0
        }
      ],
      "properties": {
        "Node name for S&R": "ControlNetLoader"
      },
      "widgets_values": [
        "control_v11p_sd15_softedge_fp16.safetensors"
      ],
      "color": "#232",
      "bgcolor": "#353",
      "shape": 2
    },
    {
      "id": 4,
      "type": "CheckpointLoaderSimple",
      "pos": [
        -627,
        324
      ],
      "size": {
        "0": 315,
        "1": 98
      },
      "flags": {},
      "order": 13,
      "mode": 0,
      "outputs": [
        {
          "name": "MODEL",
          "type": "MODEL",
          "links": [
            128,
            153
          ],
          "slot_index": 0
        },
        {
          "name": "CLIP",
          "type": "CLIP",
          "links": [
            112,
            154,
            155
          ],
          "slot_index": 1
        },
        {
          "name": "VAE",
          "type": "VAE",
          "links": [],
          "slot_index": 2
        }
      ],
      "properties": {
        "Node name for S&R": "CheckpointLoaderSimple"
      },
      "widgets_values": [
        "Stable-diffusion\\realisticVisionV51_v51VAE.safetensors"
      ],
      "color": "#322",
      "bgcolor": "#533"
    },
    {
      "id": 70,
      "type": "FreeU_V2",
      "pos": [
        -611,
        462
      ],
      "size": {
        "0": 315,
        "1": 130
      },
      "flags": {},
      "order": 18,
      "mode": 0,
      "inputs": [
        {
          "name": "model",
          "type": "MODEL",
          "link": 128,
          "slot_index": 0
        }
      ],
      "outputs": [
        {
          "name": "MODEL",
          "type": "MODEL",
          "links": [
            130
          ],
          "shape": 3,
          "slot_index": 0
        }
      ],
      "properties": {
        "Node name for S&R": "FreeU_V2"
      },
      "widgets_values": [
        1.3,
        1.3900000000000001,
        0.75,
        0.34
      ]
    },
    {
      "id": 6,
      "type": "CLIPTextEncode",
      "pos": [
        -260,
        242
      ],
      "size": {
        "0": 422.84503173828125,
        "1": 164.31304931640625
      },
      "flags": {},
      "order": 19,
      "mode": 0,
      "inputs": [
        {
          "name": "clip",
          "type": "CLIP",
          "link": 154
        }
      ],
      "outputs": [
        {
          "name": "CONDITIONING",
          "type": "CONDITIONING",
          "links": [
            35,
            143
          ],
          "slot_index": 0
        }
      ],
      "properties": {
        "Node name for S&R": "CLIPTextEncode"
      },
      "widgets_values": [
        "a photograph of 2 people, 1 man puts his hand on the woman, they wear white collared shirt, and black pants, looking straight, Asian, black short hair, relaxed face, outdoor garden background, (photorealistic:1), (high detailed skin:1.2), 8k uhd, DSLR, soft lighting, high quality, film grain, Fujifilm XT3, "
      ],
      "color": "#322",
      "bgcolor": "#533"
    },
    {
      "id": 69,
      "type": "UltralyticsDetectorProvider",
      "pos": [
        1378,
        610
      ],
      "size": {
        "0": 315,
        "1": 78
      },
      "flags": {},
      "order": 6,
      "mode": 0,
      "outputs": [
        {
          "name": "BBOX_DETECTOR",
          "type": "BBOX_DETECTOR",
          "links": null,
          "shape": 3
        },
        {
          "name": "SEGM_DETECTOR",
          "type": "SEGM_DETECTOR",
          "links": [
            127
          ],
          "shape": 3
        }
      ],
      "properties": {
        "Node name for S&R": "UltralyticsDetectorProvider"
      },
      "widgets_values": [
        "bbox/hand_yolov8s.pt"
      ],
      "color": "#233",
      "bgcolor": "#355"
    }
  ],
  "links": [
    [
      2,
      5,
      0,
      3,
      3,
      "LATENT"
    ],
    [
      7,
      3,
      0,
      8,
      0,
      "LATENT"
    ],
    [
      13,
      18,
      0,
      19,
      0,
      "CONDITIONING"
    ],
    [
      14,
      18,
      1,
      19,
      1,
      "CONDITIONING"
    ],
    [
      30,
      8,
      0,
      25,
      0,
      "IMAGE"
    ],
    [
      35,
      6,
      0,
      24,
      4,
      "CONDITIONING"
    ],
    [
      36,
      7,
      0,
      24,
      5,
      "CONDITIONING"
    ],
    [
      38,
      27,
      0,
      24,
      6,
      "BBOX_DETECTOR"
    ],
    [
      39,
      28,
      0,
      24,
      7,
      "SAM_MODEL"
    ],
    [
      41,
      24,
      0,
      30,
      0,
      "IMAGE"
    ],
    [
      42,
      24,
      1,
      31,
      0,
      "IMAGE"
    ],
    [
      43,
      24,
      2,
      32,
      0,
      "IMAGE"
    ],
    [
      47,
      35,
      0,
      36,
      0,
      "UPSCALE_MODEL"
    ],
    [
      49,
      36,
      0,
      33,
      0,
      "IMAGE"
    ],
    [
      53,
      8,
      0,
      40,
      0,
      "*"
    ],
    [
      54,
      40,
      0,
      33,
      1,
      "IMAGE"
    ],
    [
      62,
      42,
      0,
      18,
      3,
      "IMAGE"
    ],
    [
      63,
      43,
      0,
      19,
      3,
      "IMAGE"
    ],
    [
      65,
      21,
      0,
      42,
      0,
      "IMAGE"
    ],
    [
      66,
      21,
      0,
      43,
      0,
      "IMAGE"
    ],
    [
      69,
      42,
      0,
      46,
      0,
      "IMAGE"
    ],
    [
      70,
      43,
      0,
      47,
      0,
      "IMAGE"
    ],
    [
      73,
      15,
      0,
      18,
      2,
      "CONTROL_NET"
    ],
    [
      74,
      11,
      0,
      19,
      2,
      "CONTROL_NET"
    ],
    [
      96,
      62,
      0,
      36,
      1,
      "IMAGE"
    ],
    [
      107,
      19,
      0,
      3,
      1,
      "CONDITIONING"
    ],
    [
      108,
      19,
      1,
      3,
      2,
      "CONDITIONING"
    ],
    [
      112,
      4,
      1,
      24,
      2,
      "CLIP"
    ],
    [
      115,
      64,
      0,
      24,
      3,
      "VAE"
    ],
    [
      116,
      64,
      0,
      8,
      1,
      "VAE"
    ],
    [
      118,
      66,
      0,
      65,
      0,
      "FACERESTORE_MODEL"
    ],
    [
      120,
      33,
      0,
      24,
      0,
      "IMAGE"
    ],
    [
      121,
      33,
      0,
      65,
      1,
      "IMAGE"
    ],
    [
      122,
      65,
      0,
      39,
      0,
      "IMAGE"
    ],
    [
      127,
      69,
      1,
      24,
      8,
      "SEGM_DETECTOR"
    ],
    [
      128,
      4,
      0,
      70,
      0,
      "MODEL"
    ],
    [
      130,
      70,
      0,
      24,
      1,
      "MODEL"
    ],
    [
      140,
      75,
      0,
      76,
      2,
      "CONTROL_NET"
    ],
    [
      141,
      76,
      0,
      18,
      0,
      "CONDITIONING"
    ],
    [
      142,
      76,
      1,
      18,
      1,
      "CONDITIONING"
    ],
    [
      143,
      6,
      0,
      76,
      0,
      "CONDITIONING"
    ],
    [
      144,
      7,
      0,
      76,
      1,
      "CONDITIONING"
    ],
    [
      145,
      74,
      0,
      76,
      3,
      "IMAGE"
    ],
    [
      146,
      21,
      0,
      74,
      0,
      "IMAGE"
    ],
    [
      147,
      74,
      0,
      59,
      0,
      "IMAGE"
    ],
    [
      153,
      4,
      0,
      3,
      0,
      "MODEL"
    ],
    [
      154,
      4,
      1,
      6,
      0,
      "CLIP"
    ],
    [
      155,
      4,
      1,
      7,
      0,
      "CLIP"
    ]
  ],
  "groups": [],
  "config": {},
  "extra": {},
  "version": 0.4
}