{
  "last_node_id": 6,
  "last_link_id": 6,
  "nodes": [
    {
      "id": 5,
      "type": "ImageUpscaleWithModel",
      "pos": [
        1430,
        360
      ],
      "size": {
        "0": 241.79998779296875,
        "1": 46
      },
      "flags": {},
      "order": 3,
      "mode": 0,
      "inputs": [
        {
          "name": "upscale_model",
          "type": "UPSCALE_MODEL",
          "link": 3
        },
        {
          "name": "image",
          "type": "IMAGE",
          "link": 4,
          "slot_index": 1
        }
      ],
      "outputs": [
        {
          "name": "IMAGE",
          "type": "IMAGE",
          "links": [
            6
          ],
          "shape": 3,
          "slot_index": 0
        }
      ],
      "properties": {
        "Node name for S&R": "ImageUpscaleWithModel"
      }
    },
    {
      "id": 4,
      "type": "VAEEncode",
      "pos": [
        695,
        255
      ],
      "size": {
        "0": 210,
        "1": 46
      },
      "flags": {},
      "order": 2,
      "mode": 0,
      "inputs": [
        {
          "name": "pixels",
          "type": "IMAGE",
          "link": 1
        },
        {
          "name": "vae",
          "type": "VAE",
          "link": null
        }
      ],
      "outputs": [
        {
          "name": "LATENT",
          "type": "LATENT",
          "links": [
            2
          ],
          "shape": 3,
          "slot_index": 0
        }
      ],
      "properties": {
        "Node name for S&R": "VAEEncode"
      }
    },
    {
      "id": 1,
      "type": "UpscaleModelLoader",
      "pos": [
        1351,
        182
      ],
      "size": {
        "0": 315,
        "1": 58
      },
      "flags": {},
      "order": 0,
      "mode": 0,
      "outputs": [
        {
          "name": "UPSCALE_MODEL",
          "type": "UPSCALE_MODEL",
          "links": [
            3
          ],
          "shape": 3,
          "slot_index": 0
        }
      ],
      "properties": {
        "Node name for S&R": "UpscaleModelLoader"
      },
      "widgets_values": [
        "RealESRGAN_x4.pth"
      ]
    },
    {
      "id": 2,
      "type": "LatentUpscaleBy",
      "pos": [
        943,
        144
      ],
      "size": {
        "0": 315,
        "1": 82
      },
      "flags": {},
      "order": 4,
      "mode": 0,
      "inputs": [
        {
          "name": "samples",
          "type": "LATENT",
          "link": 2,
          "slot_index": 0
        }
      ],
      "outputs": [
        {
          "name": "LATENT",
          "type": "LATENT",
          "links": null,
          "shape": 3,
          "slot_index": 0
        }
      ],
      "properties": {
        "Node name for S&R": "LatentUpscaleBy"
      },
      "widgets_values": [
        "nearest-exact",
        1.5
      ]
    },
    {
      "id": 3,
      "type": "LoadImage",
      "pos": [
        821,
        372
      ],
      "size": {
        "0": 315,
        "1": 314
      },
      "flags": {},
      "order": 1,
      "mode": 0,
      "outputs": [
        {
          "name": "IMAGE",
          "type": "IMAGE",
          "links": [
            1,
            4
          ],
          "shape": 3,
          "slot_index": 0
        },
        {
          "name": "MASK",
          "type": "MASK",
          "links": null,
          "shape": 3
        }
      ],
      "properties": {
        "Node name for S&R": "LoadImage"
      },
      "widgets_values": [
        "ComfyUI_00173_ (1).png",
        "image"
      ]
    },
    {
      "id": 6,
      "type": "SaveImage",
      "pos": [
        1185,
        481
      ],
      "size": {
        "0": 387.58282470703125,
        "1": 335.71258544921875
      },
      "flags": {},
      "order": 5,
      "mode": 0,
      "inputs": [
        {
          "name": "images",
          "type": "IMAGE",
          "link": 6
        }
      ],
      "properties": {},
      "widgets_values": [
        "ComfyUI"
      ]
    }
  ],
  "links": [
    [
      1,
      3,
      0,
      4,
      0,
      "IMAGE"
    ],
    [
      2,
      4,
      0,
      2,
      0,
      "LATENT"
    ],
    [
      3,
      1,
      0,
      5,
      0,
      "UPSCALE_MODEL"
    ],
    [
      4,
      3,
      0,
      5,
      1,
      "IMAGE"
    ],
    [
      6,
      5,
      0,
      6,
      0,
      "IMAGE"
    ]
  ],
  "groups": [],
  "config": {},
  "extra": {},
  "version": 0.4
}